ID,Name,Age,Movie
1,Anakin Skywalker,12,Star Wars
2,Anakin Skywalker,12,Star Wars
3,Anakin Skywalker,12,Star Wars
4,Anakin Skywalker,12,Star Wars
5,Anakin Skywalker,12,Star Wars
6,Anakin Skywalker,12,Star Wars
7,Anakin Skywalker,12,Star Wars
8,Anakin Skywalker,12,Star Wars
9,Anakin Skywalker,12,Star Wars
10,Anakin Skywalker,12,Star Wars
11,Anakin Skywalker,12,Star Wars
12,Anakin Skywalker,12,Star Wars
13,Anakin Skywalker,12,Star Wars
14,Anakin Skywalker,12,Star Wars
15,Anakin Skywalker,12,Star Wars
16,Anakin Skywalker,12,Star Wars
17,Anakin Skywalker,12,Star Wars
18,Anakin Skywalker,12,Star Wars
19,Anakin Skywalker,12,Star Wars
20,Anakin Skywalker,12,Star Wars
21,Anakin Skywalker,12,Star Wars
22,Anakin Skywalker,12,Star Wars
23,Anakin Skywalker,12,Star Wars
24,Anakin Skywalker,12,Star Wars
25,Anakin Skywalker,12,Star Wars
26,Anakin Skywalker,12,Star Wars
27,Anakin Skywalker,12,Star Wars
28,Anakin Skywalker,12,Star Wars
29,Anakin Skywalker,12,Star Wars
30,Anakin Skywalker,12,Star Wars
31,Anakin Skywalker,12,Star Wars
32,Anakin Skywalker,12,Star Wars
33,Anakin Skywalker,12,Star Wars
34,Anakin Skywalker,12,Star Wars
35,Anakin Skywalker,12,Star Wars
36,Anakin Skywalker,12,Star Wars
37,Anakin Skywalker,12,Star Wars
38,Anakin Skywalker,12,Star Wars
39,Anakin Skywalker,12,Star Wars
40,Anakin Skywalker,12,Star Wars
41,Anakin Skywalker,12,Star Wars
42,Anakin Skywalker,12,Star Wars
43,Anakin Skywalker,12,Star Wars
44,Anakin Skywalker,12,Star Wars
45,Anakin Skywalker,12,Star Wars
46,Anakin Skywalker,12,Star Wars
47,Anakin Skywalker,12,Star Wars
48,Anakin Skywalker,12,Star Wars
49,Anakin Skywalker,12,Star Wars
50,Anakin Skywalker,12,Star Wars
51,Anakin Skywalker,12,Star Wars
52,Anakin Skywalker,12,Star Wars
53,Anakin Skywalker,12,Star Wars
54,Anakin Skywalker,12,Star Wars
55,Anakin Skywalker,12,Star Wars
56,Anakin Skywalker,12,Star Wars
57,Anakin Skywalker,12,Star Wars
58,Anakin Skywalker,12,Star Wars
59,Anakin Skywalker,12,Star Wars
60,Anakin Skywalker,12,Star Wars
61,Anakin Skywalker,12,Star Wars
62,Anakin Skywalker,12,Star Wars
63,Anakin Skywalker,12,Star Wars
64,Anakin Skywalker,12,Star Wars
65,Anakin Skywalker,12,Star Wars
66,Anakin Skywalker,12,Star Wars
67,Anakin Skywalker,12,Star Wars
68,Anakin Skywalker,12,Star Wars
69,Anakin Skywalker,12,Star Wars
70,Anakin Skywalker,12,Star Wars
71,Anakin Skywalker,12,Star Wars
72,Anakin Skywalker,12,Star Wars
73,Anakin Skywalker,12,Star Wars
74,Anakin Skywalker,12,Star Wars
75,Anakin Skywalker,12,Star Wars
76,Anakin Skywalker,12,Star Wars
77,Anakin Skywalker,12,Star Wars
78,Anakin Skywalker,12,Star Wars
79,Anakin Skywalker,12,Star Wars
80,Anakin Skywalker,12,Star Wars
81,Anakin Skywalker,12,Star Wars
82,Anakin Skywalker,12,Star Wars
83,Anakin Skywalker,12,Star Wars
84,Anakin Skywalker,12,Star Wars
85,Anakin Skywalker,12,Star Wars
86,Anakin Skywalker,12,Star Wars
87,Anakin Skywalker,12,Star Wars
88,Anakin Skywalker,12,Star Wars
89,Anakin Skywalker,12,Star Wars
90,Anakin Skywalker,12,Star Wars
91,Anakin Skywalker,12,Star Wars
92,Anakin Skywalker,12,Star Wars
93,Anakin Skywalker,12,Star Wars
94,Anakin Skywalker,12,Star Wars
95,Anakin Skywalker,12,Star Wars
96,Anakin Skywalker,12,Star Wars
97,Anakin Skywalker,12,Star Wars
98,Anakin Skywalker,12,Star Wars
99,Anakin Skywalker,12,Star Wars
100,Anakin Skywalker,12,Star Wars
101,Anakin Skywalker,12,Star Wars
102,Anakin Skywalker,12,Star Wars
103,Anakin Skywalker,12,Star Wars
104,Anakin Skywalker,12,Star Wars
105,Anakin Skywalker,12,Star Wars
106,Anakin Skywalker,12,Star Wars
107,Anakin Skywalker,12,Star Wars
108,Anakin Skywalker,12,Star Wars
109,Anakin Skywalker,12,Star Wars
110,Anakin Skywalker,12,Star Wars
111,Anakin Skywalker,12,Star Wars
112,Anakin Skywalker,12,Star Wars
113,Anakin Skywalker,12,Star Wars
114,Anakin Skywalker,12,Star Wars
115,Anakin Skywalker,12,Star Wars
116,Anakin Skywalker,12,Star Wars
117,Anakin Skywalker,12,Star Wars
118,Anakin Skywalker,12,Star Wars
119,Anakin Skywalker,12,Star Wars
120,Anakin Skywalker,12,Star Wars
121,Anakin Skywalker,12,Star Wars
122,Anakin Skywalker,12,Star Wars
123,Anakin Skywalker,12,Star Wars
124,Anakin Skywalker,12,Star Wars
125,Anakin Skywalker,12,Star Wars
126,Anakin Skywalker,12,Star Wars
127,Anakin Skywalker,12,Star Wars
128,Anakin Skywalker,12,Star Wars
129,Anakin Skywalker,12,Star Wars
130,Anakin Skywalker,12,Star Wars
131,Anakin Skywalker,12,Star Wars
132,Anakin Skywalker,12,Star Wars
133,Anakin Skywalker,12,Star Wars
134,Anakin Skywalker,12,Star Wars
135,Anakin Skywalker,12,Star Wars
136,Anakin Skywalker,12,Star Wars
137,Anakin Skywalker,12,Star Wars
138,Anakin Skywalker,12,Star Wars
139,Anakin Skywalker,12,Star Wars
140,Anakin Skywalker,12,Star Wars
141,Anakin Skywalker,12,Star Wars
142,Anakin Skywalker,12,Star Wars
143,Anakin Skywalker,12,Star Wars
144,Anakin Skywalker,12,Star Wars
145,Anakin Skywalker,12,Star Wars
146,Anakin Skywalker,12,Star Wars
147,Anakin Skywalker,12,Star Wars
148,Anakin Skywalker,12,Star Wars
149,Anakin Skywalker,12,Star Wars
150,Anakin Skywalker,12,Star Wars
151,Anakin Skywalker,12,Star Wars
152,Anakin Skywalker,12,Star Wars
153,Anakin Skywalker,12,Star Wars
154,Anakin Skywalker,12,Star Wars
155,Anakin Skywalker,12,Star Wars
156,Anakin Skywalker,12,Star Wars
157,Anakin Skywalker,12,Star Wars
158,Anakin Skywalker,12,Star Wars
159,Anakin Skywalker,12,Star Wars
160,Anakin Skywalker,12,Star Wars
161,Anakin Skywalker,12,Star Wars
162,Anakin Skywalker,12,Star Wars
163,Anakin Skywalker,12,Star Wars
164,Anakin Skywalker,12,Star Wars
165,Anakin Skywalker,12,Star Wars
166,Anakin Skywalker,12,Star Wars
167,Anakin Skywalker,12,Star Wars
168,Anakin Skywalker,12,Star Wars
169,Anakin Skywalker,12,Star Wars
170,Anakin Skywalker,12,Star Wars
171,Anakin Skywalker,12,Star Wars
172,Anakin Skywalker,12,Star Wars
173,Anakin Skywalker,12,Star Wars
174,Anakin Skywalker,12,Star Wars
175,Anakin Skywalker,12,Star Wars
176,Anakin Skywalker,12,Star Wars
177,Anakin Skywalker,12,Star Wars
178,Anakin Skywalker,12,Star Wars
179,Anakin Skywalker,12,Star Wars
180,Anakin Skywalker,12,Star Wars
181,Anakin Skywalker,12,Star Wars
182,Anakin Skywalker,12,Star Wars
183,Anakin Skywalker,12,Star Wars
184,Anakin Skywalker,12,Star Wars
185,Anakin Skywalker,12,Star Wars
186,Anakin Skywalker,12,Star Wars
187,Anakin Skywalker,12,Star Wars
188,Anakin Skywalker,12,Star Wars
189,Anakin Skywalker,12,Star Wars
190,Anakin Skywalker,12,Star Wars
191,Anakin Skywalker,12,Star Wars
192,Anakin Skywalker,12,Star Wars
193,Anakin Skywalker,12,Star Wars
194,Anakin Skywalker,12,Star Wars
195,Anakin Skywalker,12,Star Wars
196,Anakin Skywalker,12,Star Wars
197,Anakin Skywalker,12,Star Wars
198,Anakin Skywalker,12,Star Wars
199,Anakin Skywalker,12,Star Wars
200,Anakin Skywalker,12,Star Wars
201,Anakin Skywalker,12,Star Wars
202,Anakin Skywalker,12,Star Wars
203,Anakin Skywalker,12,Star Wars
204,Anakin Skywalker,12,Star Wars
205,Anakin Skywalker,12,Star Wars
206,Anakin Skywalker,12,Star Wars
207,Anakin Skywalker,12,Star Wars
208,Anakin Skywalker,12,Star Wars
209,Anakin Skywalker,12,Star Wars
210,Anakin Skywalker,12,Star Wars
211,Anakin Skywalker,12,Star Wars
212,Anakin Skywalker,12,Star Wars
213,Anakin Skywalker,12,Star Wars
214,Anakin Skywalker,12,Star Wars
215,Anakin Skywalker,12,Star Wars
216,Anakin Skywalker,12,Star Wars
217,Anakin Skywalker,12,Star Wars
218,Anakin Skywalker,12,Star Wars
219,Anakin Skywalker,12,Star Wars
220,Anakin Skywalker,12,Star Wars
221,Anakin Skywalker,12,Star Wars
222,Anakin Skywalker,12,Star Wars
223,Anakin Skywalker,12,Star Wars
224,Anakin Skywalker,12,Star Wars
225,Anakin Skywalker,12,Star Wars
226,Anakin Skywalker,12,Star Wars
227,Anakin Skywalker,12,Star Wars
228,Anakin Skywalker,12,Star Wars
229,Anakin Skywalker,12,Star Wars
230,Anakin Skywalker,12,Star Wars
231,Anakin Skywalker,12,Star Wars
232,Anakin Skywalker,12,Star Wars
233,Anakin Skywalker,12,Star Wars
234,Anakin Skywalker,12,Star Wars
235,Anakin Skywalker,12,Star Wars
236,Anakin Skywalker,12,Star Wars
237,Anakin Skywalker,12,Star Wars
238,Anakin Skywalker,12,Star Wars
239,Anakin Skywalker,12,Star Wars
240,Anakin Skywalker,12,Star Wars
241,Anakin Skywalker,12,Star Wars
242,Anakin Skywalker,12,Star Wars
243,Anakin Skywalker,12,Star Wars
244,Anakin Skywalker,12,Star Wars
245,Anakin Skywalker,12,Star Wars
246,Anakin Skywalker,12,Star Wars
247,Anakin Skywalker,12,Star Wars
248,Anakin Skywalker,12,Star Wars
249,Anakin Skywalker,12,Star Wars
250,Anakin Skywalker,12,Star Wars
251,Anakin Skywalker,12,Star Wars
252,Anakin Skywalker,12,Star Wars
253,Anakin Skywalker,12,Star Wars
254,Anakin Skywalker,12,Star Wars
255,Anakin Skywalker,12,Star Wars
256,Anakin Skywalker,12,Star Wars
257,Anakin Skywalker,12,Star Wars
258,Anakin Skywalker,12,Star Wars
259,Anakin Skywalker,12,Star Wars
260,Anakin Skywalker,12,Star Wars
261,Anakin Skywalker,12,Star Wars
262,Anakin Skywalker,12,Star Wars
263,Anakin Skywalker,12,Star Wars
264,Anakin Skywalker,12,Star Wars
265,Anakin Skywalker,12,Star Wars
266,Anakin Skywalker,12,Star Wars
267,Anakin Skywalker,12,Star Wars
268,Anakin Skywalker,12,Star Wars
269,Anakin Skywalker,12,Star Wars
270,Anakin Skywalker,12,Star Wars
271,Anakin Skywalker,12,Star Wars
272,Anakin Skywalker,12,Star Wars
273,Anakin Skywalker,12,Star Wars
274,Anakin Skywalker,12,Star Wars
275,Anakin Skywalker,12,Star Wars
276,Anakin Skywalker,12,Star Wars
277,Anakin Skywalker,12,Star Wars
278,Anakin Skywalker,12,Star Wars
279,Anakin Skywalker,12,Star Wars
280,Anakin Skywalker,12,Star Wars
281,Anakin Skywalker,12,Star Wars
282,Anakin Skywalker,12,Star Wars
283,Anakin Skywalker,12,Star Wars
284,Anakin Skywalker,12,Star Wars
285,Anakin Skywalker,12,Star Wars
286,Anakin Skywalker,12,Star Wars
287,Anakin Skywalker,12,Star Wars
288,Anakin Skywalker,12,Star Wars
289,Anakin Skywalker,12,Star Wars
290,Anakin Skywalker,12,Star Wars
291,Anakin Skywalker,12,Star Wars
292,Anakin Skywalker,12,Star Wars
293,Anakin Skywalker,12,Star Wars
294,Anakin Skywalker,12,Star Wars
295,Anakin Skywalker,12,Star Wars
296,Anakin Skywalker,12,Star Wars
297,Anakin Skywalker,12,Star Wars
298,Anakin Skywalker,12,Star Wars
299,Anakin Skywalker,12,Star Wars
300,Anakin Skywalker,12,Star Wars
301,Anakin Skywalker,12,Star Wars
302,Anakin Skywalker,12,Star Wars
303,Anakin Skywalker,12,Star Wars
304,Anakin Skywalker,12,Star Wars
305,Anakin Skywalker,12,Star Wars
306,Anakin Skywalker,12,Star Wars
307,Anakin Skywalker,12,Star Wars
308,Anakin Skywalker,12,Star Wars
309,Anakin Skywalker,12,Star Wars
310,Anakin Skywalker,12,Star Wars
311,Anakin Skywalker,12,Star Wars
312,Anakin Skywalker,12,Star Wars
313,Anakin Skywalker,12,Star Wars
314,Anakin Skywalker,12,Star Wars
315,Anakin Skywalker,12,Star Wars
316,Anakin Skywalker,12,Star Wars
317,Anakin Skywalker,12,Star Wars
318,Anakin Skywalker,12,Star Wars
319,Anakin Skywalker,12,Star Wars
320,Anakin Skywalker,12,Star Wars
321,Anakin Skywalker,12,Star Wars
322,Anakin Skywalker,12,Star Wars
323,Anakin Skywalker,12,Star Wars
324,Anakin Skywalker,12,Star Wars
325,Anakin Skywalker,12,Star Wars
326,Anakin Skywalker,12,Star Wars
327,Anakin Skywalker,12,Star Wars
328,Anakin Skywalker,12,Star Wars
329,Anakin Skywalker,12,Star Wars
330,Anakin Skywalker,12,Star Wars
331,Anakin Skywalker,12,Star Wars
332,Anakin Skywalker,12,Star Wars
333,Anakin Skywalker,12,Star Wars
334,Anakin Skywalker,12,Star Wars
335,Anakin Skywalker,12,Star Wars
336,Anakin Skywalker,12,Star Wars
337,Anakin Skywalker,12,Star Wars
338,Anakin Skywalker,12,Star Wars
339,Anakin Skywalker,12,Star Wars
340,Anakin Skywalker,12,Star Wars
341,Anakin Skywalker,12,Star Wars
342,Anakin Skywalker,12,Star Wars
343,Anakin Skywalker,12,Star Wars
344,Anakin Skywalker,12,Star Wars
345,Anakin Skywalker,12,Star Wars
346,Anakin Skywalker,12,Star Wars
347,Anakin Skywalker,12,Star Wars
348,Anakin Skywalker,12,Star Wars
349,Anakin Skywalker,12,Star Wars
350,Anakin Skywalker,12,Star Wars
351,Anakin Skywalker,12,Star Wars
352,Anakin Skywalker,12,Star Wars
353,Anakin Skywalker,12,Star Wars
354,Anakin Skywalker,12,Star Wars
355,Anakin Skywalker,12,Star Wars
356,Anakin Skywalker,12,Star Wars
357,Anakin Skywalker,12,Star Wars
358,Anakin Skywalker,12,Star Wars
359,Anakin Skywalker,12,Star Wars
360,Anakin Skywalker,12,Star Wars
361,Anakin Skywalker,12,Star Wars
362,Anakin Skywalker,12,Star Wars
363,Anakin Skywalker,12,Star Wars
364,Anakin Skywalker,12,Star Wars
365,Anakin Skywalker,12,Star Wars
366,Anakin Skywalker,12,Star Wars
367,Anakin Skywalker,12,Star Wars
368,Anakin Skywalker,12,Star Wars
369,Anakin Skywalker,12,Star Wars
370,Anakin Skywalker,12,Star Wars
371,Anakin Skywalker,12,Star Wars
372,Anakin Skywalker,12,Star Wars
373,Anakin Skywalker,12,Star Wars
374,Anakin Skywalker,12,Star Wars
375,Anakin Skywalker,12,Star Wars
376,Anakin Skywalker,12,Star Wars
377,Anakin Skywalker,12,Star Wars
378,Anakin Skywalker,12,Star Wars
379,Anakin Skywalker,12,Star Wars
380,Anakin Skywalker,12,Star Wars
381,Anakin Skywalker,12,Star Wars
382,Anakin Skywalker,12,Star Wars
383,Anakin Skywalker,12,Star Wars
384,Anakin Skywalker,12,Star Wars
385,Anakin Skywalker,12,Star Wars
386,Anakin Skywalker,12,Star Wars
387,Anakin Skywalker,12,Star Wars
388,Anakin Skywalker,12,Star Wars
389,Anakin Skywalker,12,Star Wars
390,Anakin Skywalker,12,Star Wars
391,Anakin Skywalker,12,Star Wars
392,Anakin Skywalker,12,Star Wars
393,Anakin Skywalker,12,Star Wars
394,Anakin Skywalker,12,Star Wars
395,Anakin Skywalker,12,Star Wars
396,Anakin Skywalker,12,Star Wars
397,Anakin Skywalker,12,Star Wars
398,Anakin Skywalker,12,Star Wars
399,Anakin Skywalker,12,Star Wars
400,Anakin Skywalker,12,Star Wars
401,Anakin Skywalker,12,Star Wars
402,Anakin Skywalker,12,Star Wars
403,Anakin Skywalker,12,Star Wars
404,Anakin Skywalker,12,Star Wars
405,Anakin Skywalker,12,Star Wars
406,Anakin Skywalker,12,Star Wars
407,Anakin Skywalker,12,Star Wars
408,Anakin Skywalker,12,Star Wars
409,Anakin Skywalker,12,Star Wars
410,Anakin Skywalker,12,Star Wars
411,Anakin Skywalker,12,Star Wars
412,Anakin Skywalker,12,Star Wars
413,Anakin Skywalker,12,Star Wars
414,Anakin Skywalker,12,Star Wars
415,Anakin Skywalker,12,Star Wars
416,Anakin Skywalker,12,Star Wars
417,Anakin Skywalker,12,Star Wars
418,Anakin Skywalker,12,Star Wars
419,Anakin Skywalker,12,Star Wars
420,Anakin Skywalker,12,Star Wars
421,Anakin Skywalker,12,Star Wars
422,Anakin Skywalker,12,Star Wars
423,Anakin Skywalker,12,Star Wars
424,Anakin Skywalker,12,Star Wars
425,Anakin Skywalker,12,Star Wars
426,Anakin Skywalker,12,Star Wars
427,Anakin Skywalker,12,Star Wars
428,Anakin Skywalker,12,Star Wars
429,Anakin Skywalker,12,Star Wars
430,Anakin Skywalker,12,Star Wars
431,Anakin Skywalker,12,Star Wars
432,Anakin Skywalker,12,Star Wars
433,Anakin Skywalker,12,Star Wars
434,Anakin Skywalker,12,Star Wars
435,Anakin Skywalker,12,Star Wars
436,Anakin Skywalker,12,Star Wars
437,Anakin Skywalker,12,Star Wars
438,Anakin Skywalker,12,Star Wars
439,Anakin Skywalker,12,Star Wars
440,Anakin Skywalker,12,Star Wars
441,Anakin Skywalker,12,Star Wars
442,Anakin Skywalker,12,Star Wars
443,Anakin Skywalker,12,Star Wars
444,Anakin Skywalker,12,Star Wars
445,Anakin Skywalker,12,Star Wars
446,Anakin Skywalker,12,Star Wars
447,Anakin Skywalker,12,Star Wars
448,Anakin Skywalker,12,Star Wars
449,Anakin Skywalker,12,Star Wars
450,Anakin Skywalker,12,Star Wars
451,Anakin Skywalker,12,Star Wars
452,Anakin Skywalker,12,Star Wars
453,Anakin Skywalker,12,Star Wars
454,Anakin Skywalker,12,Star Wars
455,Anakin Skywalker,12,Star Wars
456,Anakin Skywalker,12,Star Wars
457,Anakin Skywalker,12,Star Wars
458,Anakin Skywalker,12,Star Wars
459,Anakin Skywalker,12,Star Wars
460,Anakin Skywalker,12,Star Wars
461,Anakin Skywalker,12,Star Wars
462,Anakin Skywalker,12,Star Wars
463,Anakin Skywalker,12,Star Wars
464,Anakin Skywalker,12,Star Wars
465,Anakin Skywalker,12,Star Wars
466,Anakin Skywalker,12,Star Wars
467,Anakin Skywalker,12,Star Wars
468,Anakin Skywalker,12,Star Wars
469,Anakin Skywalker,12,Star Wars
470,Anakin Skywalker,12,Star Wars
471,Anakin Skywalker,12,Star Wars
472,Anakin Skywalker,12,Star Wars
473,Anakin Skywalker,12,Star Wars
474,Anakin Skywalker,12,Star Wars
475,Anakin Skywalker,12,Star Wars
476,Anakin Skywalker,12,Star Wars
477,Anakin Skywalker,12,Star Wars
478,Anakin Skywalker,12,Star Wars
479,Anakin Skywalker,12,Star Wars
480,Anakin Skywalker,12,Star Wars
481,Anakin Skywalker,12,Star Wars
482,Anakin Skywalker,12,Star Wars
483,Anakin Skywalker,12,Star Wars
484,Anakin Skywalker,12,Star Wars
485,Anakin Skywalker,12,Star Wars
486,Anakin Skywalker,12,Star Wars
487,Anakin Skywalker,12,Star Wars
488,Anakin Skywalker,12,Star Wars
489,Anakin Skywalker,12,Star Wars
490,Anakin Skywalker,12,Star Wars
491,Anakin Skywalker,12,Star Wars
492,Anakin Skywalker,12,Star Wars
493,Anakin Skywalker,12,Star Wars
494,Anakin Skywalker,12,Star Wars
495,Anakin Skywalker,12,Star Wars
496,Anakin Skywalker,12,Star Wars
497,Anakin Skywalker,12,Star Wars
498,Anakin Skywalker,12,Star Wars
499,Anakin Skywalker,12,Star Wars
500,Anakin Skywalker,12,Star Wars
501,,,